<?xml version="1.0" encoding="UTF-8"?>
<DSMusicPlayer>
    <configuration>
        <artworkBlur>7px</artworkBlur>
        <autoplay>false</autoplay>
        <shareButton>true</shareButton>
        <muteButton>true</muteButton>
        <repeatButton>true</repeatButton>
        <shuffleButton>true</shuffleButton>
    </configuration>
    <playlist>
        <track>
            <artist>Masih ft. Arash Ap</artist>
            <title>Bia Ba Man</title>
            <url>./audio/music1.mp3</url>
            <artwork>./audio/music1.jpg</artwork>
            <apple>www.apple.com</apple>
            <amazon>www.amazon.com</amazon>
            <download>true</download>
        </track>
        <track>
            <artist>Alex Pound</artist>
            <title>Ringers</title>
            <url>./audio/music2.mp3</url>
            <artwork>./audio/music2.jpg</artwork>
            <apple>www.apple.com</apple>
            <amazon>www.amazon.com</amazon>
            <download>true</download>
        </track>
        <track>
            <artist>D.S</artist>
            <title>StarWars</title>
            <url>./audio/music3.mp3</url>
            <artwork>./audio/music3.png</artwork>
            <apple>www.apple.com</apple>
            <amazon>www.amazon.com</amazon>
            <download>true</download>
        </track>

    </playlist>
</DSMusicPlayer>